{"cameraMode":{"drawMode":0,"name":"Shaded","section":"Shading Mode"},"sceneLighting":false,"audioPlay":false,"sceneViewState":{"m_AlwaysRefresh":false,"showFog":true,"showSkybox":false,"showFlares":true,"showImageEffects":true,"showParticleSystems":true,"showVisualEffectGraphs":true,"m_FxEnabled":true},"in2DMode":false,"pivot":{"x":-0.01600000075995922,"y":0.013899999670684338,"z":0.010499999858438969},"rotation":{"x":-0.11392251402139664,"y":-0.6459745764732361,"z":0.09878842532634735,"w":-0.7488351464271545},"size":0.008660254068672657,"orthographic":false}