{"cameraMode":{"drawMode":0,"name":"Shaded","section":"Shading Mode"},"sceneLighting":false,"audioPlay":false,"sceneViewState":{"m_AlwaysRefresh":false,"showFog":true,"showSkybox":false,"showFlares":true,"showImageEffects":true,"showParticleSystems":true,"showVisualEffectGraphs":true,"m_FxEnabled":true},"in2DMode":false,"pivot":{"x":-0.032000064849853519,"y":0.3883237838745117,"z":0.020999908447265626},"rotation":{"x":-0.11392251402139664,"y":-0.6459745764732361,"z":0.09878842532634735,"w":-0.7488351464271545},"size":7.274612903594971,"orthographic":false}